"Genotype","Pollination","Herbivory","HCN","Flower.date","Avg.Bnr.Wdth","Avg.Bnr.Ht","Biomass.plant","Num.flwrs","Total.Inf","Block"
"173-1","Open","Reduced","Yes",86,3.32,6.5,9.27,52.5,4,"E"
"173-1","Open","Ambient","Yes",23,NA,NA,8.34,67,1,"A"
"173-1","Open","Reduced","Yes",12,3.02,7.02,7.74,57.5,21,"E"
"173-1","Supp","Ambient","Yes",25,3.14,6.03,15.76,NA,9,"A"
"173-1","Supp","Ambient","Yes",16,2.76,5.2,4.16,NA,0,"A"
"173-1","Supp","Ambient","Yes",38,NA,NA,7.75,47.5,15,"A"
"173-1","Open","Ambient","Yes",22,3.11,5.69,48.67,60,41,"D"
"173-1","Supp","Reduced","Yes",61,3.07,6.18,10.32,58.5,19,"F"
"173-1","Supp","Reduced","Yes",32,3.16,6.04,28.8,66.5,17,"C"
"173-1","Open","Ambient","Yes",25,3.16,5.94,28.45,64.5,23,"C"
"173-1","Open","Reduced","Yes",30,3.21,6.23,60.55,59.5,129,"A"
"173-1","Supp","Ambient","Yes",33,3.09,5.66,40.98,66,46,"E"
"173-1","Supp","Reduced","Yes",54,2.62,6.34,30.56,66.5,35,"F"
"173-1","Open","Ambient","Yes",23,2.91,5.86,22.24,64.5,35,"C"
"173-1","Open","Reduced","Yes",21,3.02,5.73,12.84,48.5,22,"B"
"173-1","Supp","Reduced","Yes",12,3.01,6.02,6.6,46.5,15,"A"
"93-5","Open","Reduced","No",89,3.61,6.2,9.19,74.5,11,"D"
"93-5","Supp","Reduced","No",57,3.62,6.71,52.7,91.5,63,"F"
"93-5","Open","Ambient","No",NA,NA,NA,8.9,NA,2,"B"
"93-5","Supp","Ambient","No",68,3.88,6.87,24.46,79.5,23,"F"
"93-5","Supp","Ambient","No",NA,NA,NA,17.34,NA,1,"A"
"93-5","Open","Ambient","No",30,3.63,6.33,22.26,93.5,101,"C"
"93-5","Supp","Reduced","No",82,NA,NA,13.09,93,8,"A"
"93-5","Supp","Ambient","No",33,3.72,6.42,10.67,73.5,13,"C"
"93-5","Supp","Reduced","No",15,3.8,5.53,2.39,NA,0,"A"
"93-5","Supp","Reduced","No",72,3.48,5.83,43.71,82.5,59,"C"
"93-5","Open","Reduced","No",NA,3.91,7.05,21.81,94.5,25,"B"
"93-5","Open","Reduced","No",19,4.14,7.23,4.55,75,2,"E"
"93-5","Open","Ambient","No",36,3.96,6.29,83.23,89.5,174,"D"
"93-5","Open","Ambient","No",82,NA,NA,7.2,78.5,12,"A"
"93-5","Supp","Ambient","No",76,3.86,6.59,47.15,92.5,41,"E"
"93-5","Open","Reduced","No",NA,NA,NA,13.24,NA,1,"D"
"99-5","Supp","Reduced","No",23,3.65,6.76,96.06,NA,8,"B"
"99-5","Open","Reduced","No",29,3.24,6.13,95.99,48,6,"D"
"99-5","Open","Reduced","No",23,3.19,6.27,29.55,49,6,"E"
"99-5","Supp","Ambient","No",22,3.1,5.6,20.47,NA,0,"E"
"99-5","Supp","Reduced","No",32,NA,NA,19.27,NA,0,"F"
"99-5","Open","Ambient","No",23,3.15,5.92,37.24,NA,6,"B"
"99-5","Supp","Ambient","No",31,3.31,6.08,54.59,NA,8,"C"
"99-5","Open","Ambient","No",26,3.04,5.82,25.94,NA,7,"A"
"99-5","Supp","Reduced","No",40,2.84,5.24,36.24,37,3,"E"
"99-5","Open","Reduced","No",19,3.29,6.38,137.97,57,26,"D"
"99-5","Open","Reduced","No",29,3.39,5.78,44.68,NA,3,"F"
"99-5","Open","Ambient","No",19,3.37,6.37,47.59,NA,10,"A"
"99-5","Supp","Reduced","No",22,3.3,6.4,141.13,52,9,"A"
"99-5","Open","Ambient","No",23,NA,NA,33.1,NA,8,"D"
"99-5","Supp","Ambient","No",23,3.49,5.61,29.38,50,6,"A"
"99-5","Supp","Ambient","No",43,2.71,5.11,42.08,NA,1,"E"
"170-4","Open","Reduced","Yes",23,3.71,6.79,24.64,54.5,42,"A"
"170-4","Supp","Ambient","Yes",23,NA,NA,2.57,NA,1,"C"
"170-4","Open","Reduced","Yes",35,3.38,6.61,43.03,80,6,"E"
"170-4","Open","Ambient","Yes",17,3.78,6.33,45.47,66.5,74,"E"
"170-4","Open","Ambient","Yes",42,NA,NA,4.64,59.5,5,"F"
"170-4","Supp","Ambient","Yes",31,NA,NA,26.06,NA,3,"A"
"170-4","Supp","Ambient","Yes",NA,NA,NA,8.82,NA,0,"A"
"170-4","Open","Ambient","Yes",23,NA,NA,11.56,44,3,"E"
"170-4","Supp","Reduced","Yes",90,NA,NA,4.47,NA,0,"B"
"170-4","Open","Reduced","Yes",50,3.53,7.01,58.25,81,17,"D"
"170-4","Open","Ambient","Yes",24,3.19,6.01,16.11,48.5,22,"A"
"170-4","Supp","Reduced","Yes",38,NA,NA,5.81,55,4,"F"
"170-4","Supp","Reduced","Yes",59,3.43,6.37,20.18,58.5,35,"B"
"170-4","Open","Reduced","Yes",23,3.4,6.87,48.51,78,8,"F"
"170-4","Supp","Reduced","Yes",29,3.45,6.42,14.44,67,51,"F"
"170-4","Supp","Ambient","Yes",49,NA,NA,5.66,NA,1,"A"
"89-5","Supp","Ambient","No",22,3.15,5.56,7.14,54.5,26,"B"
"89-5","Open","Ambient","No",48,3.06,5.72,7.36,52.5,48,"B"
"89-5","Supp","Reduced","No",14,2.76,5.33,6.35,43.5,77,"B"
"89-5","Supp","Ambient","No",83,NA,NA,1.07,47,2,"D"
"89-5","Supp","Ambient","No",22,3.06,5.31,8.77,44,58,"B"
"89-5","Open","Ambient","No",19,NA,NA,4.5,36,3,"D"
"89-5","Open","Reduced","No",15,2.9,6.19,5.43,42,69,"F"
"89-5","Supp","Reduced","No",46,3.31,5.43,2.84,47,7,"C"
"89-5","Open","Ambient","No",15,2.94,5.14,3.86,47.5,22,"C"
"89-5","Open","Ambient","No",13,3.41,6.26,2.97,43.5,23,"C"
"89-5","Open","Reduced","No",52,2.89,5.5,2.73,41.5,17,"D"
"89-5","Open","Reduced","No",18,3.21,5.75,9.45,45,145,"F"
"89-5","Supp","Reduced","No",41,3.56,6.49,3.6,35.5,13,"D"
"89-5","Supp","Ambient","No",45,2.83,5.82,3.47,51.5,27,"B"
"89-5","Supp","Reduced","No",17,3.08,5.24,0.91,26,4,"A"
"89-5","Open","Reduced","No",16,3.12,5.66,6.95,51.5,46,"C"
"37-5","Supp","Reduced","Yes",64,3.26,6.41,29.89,72,41,"A"
"37-5","Supp","Reduced","Yes",79,3.15,6.12,57.38,69,12,"B"
"37-5","Open","Reduced","Yes",23,2.62,6.22,41.27,84.5,11,"A"
"37-5","Open","Reduced","Yes",17,2.75,5.87,62.56,83.5,8,"D"
"37-5","Open","Reduced","Yes",22,3.07,6.27,28.49,68,4,"F"
"37-5","Supp","Ambient","Yes",27,2.84,6.15,23.24,91,4,"E"
"37-5","Supp","Reduced","Yes",47,2.98,6.29,20.78,92,6,"D"
"37-5","Supp","Reduced","Yes",36,3.21,6.37,120.98,109,36,"D"
"37-5","Open","Reduced","Yes",83,NA,NA,34.47,105,5,"C"
"37-5","Supp","Ambient","Yes",77,3.05,6.97,83.29,90.5,36,"D"
"37-5","Open","Ambient","Yes",19,3.4,7.06,18.48,98,2,"D"
"37-5","Open","Ambient","Yes",29,2.76,5.62,40.55,94.5,7,"C"
"37-5","Supp","Ambient","Yes",76,3.2,7,93.38,77.5,54,"F"
"37-5","Open","Ambient","Yes",13,2.94,6.74,94.08,107,67,"F"
"37-5","Supp","Ambient","Yes",83,NA,NA,29.25,100,9,"B"
"37-5","Open","Ambient","Yes",14,3.05,6.31,49,102.5,16,"A"
"135-1","Supp","Reduced","Yes",15,2.88,6.58,40.64,47.5,176,"F"
"135-1","Supp","Reduced","Yes",9,NA,NA,2.76,NA,0,"C"
"135-1","Supp","Reduced","Yes",10,2.96,5.53,81.02,55.5,93,"F"
"135-1","Open","Reduced","Yes",50,3.26,7.34,28.08,41.5,24,"D"
"135-1","Supp","Ambient","Yes",14,2.99,6.75,55.46,44,24,"B"
"135-1","Open","Ambient","Yes",14,2.7,5.51,19.2,NA,0,"C"
"135-1","Open","Ambient","Yes",10,NA,NA,18.33,NA,0,"B"
"135-1","Open","Reduced","Yes",22,3.32,7.7,78.85,49.5,256,"C"
"135-1","Supp","Ambient","Yes",22,3.28,7.17,162.83,49,227,"E"
"135-1","Supp","Ambient","Yes",NA,3.16,6.59,88.98,55.5,201,"C"
"135-1","Open","Reduced","Yes",32,3.12,6.58,93.66,53.5,273,"C"
"135-1","Supp","Ambient","Yes",37,NA,NA,51.13,40,2,"E"
"135-1","Open","Ambient","Yes",NA,NA,NA,1.63,NA,0,"F"
"135-1","Supp","Reduced","Yes",13,2.66,5.44,43.99,51.5,116,"B"
"135-1","Open","Reduced","Yes",50,3.28,7.1,67.43,42.5,66,"D"
"17-1","Open","Reduced","Yes",29,3.02,5.11,15.91,78.5,8,"B"
"17-1","Supp","Reduced","Yes",49,3.63,6.41,83.09,86.5,80,"D"
"17-1","Supp","Ambient","Yes",55,NA,NA,21.45,NA,0,"C"
"17-1","Open","Ambient","Yes",33,3.66,5.91,58.92,85,38,"E"
"17-1","Supp","Reduced","Yes",27,3.42,5.66,66.08,86.5,25,"E"
"17-1","Open","Ambient","Yes",29,3.34,6.01,80.34,81.5,13,"A"
"17-1","Supp","Reduced","Yes",48,3.22,5.93,21.01,85,39,"E"
"17-1","Open","Reduced","Yes",35,3.47,5.89,34.65,70.5,37,"F"
"17-1","Supp","Reduced","Yes",62,3.46,5.69,8.89,60,5,"B"
"17-1","Open","Ambient","Yes",25,2.7,6.07,46.92,85.5,12,"C"
"17-1","Open","Reduced","Yes",36,3.38,5.69,18.72,88,20,"E"
"17-1","Open","Ambient","Yes",51,3.37,5.9,47.33,93,63,"F"
"17-1","Supp","Ambient","Yes",41,3.42,6.35,67.6,87.5,17,"B"
"17-1","Open","Reduced","Yes",43,3.32,5.73,33.93,84.5,31,"E"
"17-1","Supp","Ambient","Yes",28,3.25,5.52,25.66,74.5,38,"B"
"17-1","Supp","Ambient","Yes",25,NA,NA,4.82,65,4,"C"
"102-2","Open","Reduced","No",19,3.3,5.72,6.76,55,19,"B"
"102-2","Supp","Ambient","No",21,3.58,6.65,69.65,67,205,"C"
"102-2","Supp","Reduced","No",45,3.37,6.51,36.13,62.5,91,"C"
"102-2","Supp","Ambient","No",17,3.61,6.85,44.61,62.5,108,"E"
"102-2","Open","Reduced","No",16,3.35,6.32,13.36,53.5,23,"B"
"102-2","Open","Reduced","No",47,2.89,4.94,4.34,40,6,"C"
"102-2","Supp","Ambient","No",27,3.52,6.63,89.84,55.5,98,"D"
"102-2","Supp","Reduced","No",36,3.64,6.62,45.04,60,113,"F"
"102-2","Supp","Reduced","No",24,2.97,5.38,21.22,54.5,49,"A"
"102-2","Open","Ambient","No",24,3.83,6.56,41.48,57,116,"C"
"102-2","Open","Ambient","No",15,3.93,7.31,60.13,56,148,"D"
"102-2","Open","Ambient","No",18,3.58,6.71,40.92,63,68,"E"
"102-2","Open","Ambient","No",17,3.45,6.4,12.77,51,83,"D"
"102-2","Supp","Reduced","No",9,3.21,6.34,11.22,46,54,"C"
"102-2","Supp","Ambient","No",19,3.51,6.85,14.54,54,26,"D"
"102-2","Open","Reduced","No",16,3.78,7.13,49.41,55,145,"F"
"44-4","Open","Reduced","Yes",66,4.39,8.68,132.74,55.5,152,"D"
"44-4","Supp","Ambient","Yes",21,3.81,7.58,39.41,52.5,32,"D"
"44-4","Open","Ambient","Yes",NA,NA,NA,16.21,53,4,"C"
"44-4","Supp","Ambient","Yes",NA,4.27,8.65,70.07,47,78,"D"
"44-4","Open","Ambient","Yes",72,3.69,8.15,0.56,55,48,"B"
"44-4","Open","Reduced","Yes",69,NA,NA,12.45,NA,2,"D"
"44-4","Supp","Reduced","Yes",76,4.06,7.66,24.17,54,24,"D"
"44-4","Supp","Ambient","Yes",30,NA,NA,4.38,NA,1,"E"
"44-4","Open","Reduced","Yes",50,4.54,8.09,103.63,54.5,73,"E"
"44-4","Open","Ambient","Yes",18,3.86,7.76,6.98,NA,1,"E"
"44-4","Supp","Reduced","Yes",NA,NA,NA,7.89,NA,0,"A"
"44-4","Supp","Reduced","Yes",22,4.01,7.88,30.6,30,1,"A"
"44-4","Supp","Ambient","Yes",15,3.71,6.9,94.28,57.5,133,"B"
"44-4","Supp","Reduced","Yes",72,3.98,8.11,76.27,53.5,96,"B"
"44-4","Open","Ambient","Yes",87,3.3,7.14,11.02,51,10,"A"
"44-4","Open","Reduced","Yes",69,4.14,8.16,49.31,56,85,"B"
"143-5","Supp","Reduced","No",41,3.31,6.21,8.96,45.5,11,"E"
"143-5","Open","Reduced","No",13,3.22,6.29,109.79,69,197,"D"
"143-5","Supp","Ambient","No",23,3.22,6.01,52.97,67.5,109,"D"
"143-5","Open","Ambient","No",19,3.19,6.29,52.6,75,130,"B"
"143-5","Supp","Reduced","No",17,3.26,6.35,85,73,183,"D"
"143-5","Supp","Ambient","No",14,3.07,7,25.02,67,42,"F"
"143-5","Open","Ambient","No",9,3.2,6.66,84.38,73.5,96,"B"
"143-5","Open","Reduced","No",13,3.14,6.1,24.4,67.5,69,"E"
"143-5","Open","Reduced","No",14,2.96,5.52,74.57,70.5,154,"B"
"143-5","Supp","Ambient","No",15,2.86,5.93,48.39,67,69,"F"
"143-5","Open","Reduced","No",49,3.21,5.78,26.42,60,46,"D"
"143-5","Supp","Reduced","No",12,3.43,6.57,45.08,72.5,194,"F"
"143-5","Supp","Reduced","No",37,3.3,6.15,108.46,71,282,"D"
"143-5","Open","Ambient","No",34,3.38,6.56,51.06,73,81,"C"
"143-5","Supp","Ambient","No",15,3.28,6.13,60.83,63,166,"A"
"143-5","Open","Ambient","No",12,3.46,6.55,41.6,78.5,64,"B"
"122-3","Supp","Reduced","Yes",75,NA,NA,81.46,NA,1,"A"
"122-3","Supp","Ambient","Yes",64,3.89,6.99,70.83,88.5,150,"E"
"122-3","Open","Ambient","Yes",11,3.81,6.69,93.57,96,196,"E"
"122-3","Open","Reduced","Yes",19,3.38,5.73,118.44,87.5,301,"F"
"122-3","Supp","Ambient","Yes",NA,NA,NA,3.64,65.5,30,"A"
"122-3","Open","Ambient","Yes",41,3.67,6.57,28.62,99.5,99,"F"
"122-3","Supp","Ambient","Yes",15,3.9,6.69,12.56,77.5,37,"D"
"122-3","Open","Reduced","Yes",37,3.43,6.77,23.26,82,45,"D"
"122-3","Open","Reduced","Yes",49,3.72,6.81,22.03,83,91,"E"
"122-3","Supp","Reduced","Yes",51,3.44,6.28,17.81,81.5,30,"B"
"122-3","Supp","Reduced","Yes",17,NA,NA,7.84,80.5,7,"A"
"122-3","Supp","Ambient","Yes",58,NA,NA,7.08,86,25,"C"
"122-3","Open","Ambient","Yes",43,3.88,7.15,37.52,98,69,"C"
"122-3","Open","Ambient","Yes",21,3.56,6.15,1.64,85.5,4,"D"
"122-3","Open","Reduced","Yes",63,3.91,7,42.04,88.5,129,"E"
"122-3","Supp","Reduced","Yes",15,3.42,6.23,26.86,NA,0,"B"
"12-2","Supp","Reduced","Yes",22,2.95,5.87,23.49,NA,3,"A"
"12-2","Open","Reduced","Yes",23,NA,NA,17.25,NA,0,"C"
"12-2","Supp","Ambient","Yes",47,NA,NA,20.93,NA,0,"D"
"12-2","Open","Reduced","Yes",NA,NA,NA,31.97,NA,0,"E"
"12-2","Open","Reduced","Yes",NA,NA,NA,8.12,NA,0,"A"
"12-2","Open","Ambient","Yes",NA,NA,NA,15.34,NA,0,"D"
"12-2","Supp","Ambient","Yes",NA,NA,NA,14.24,NA,0,"F"
"12-2","Supp","Reduced","Yes",31,3.03,5.2,69.22,NA,8,"C"
"12-2","Open","Ambient","Yes",NA,NA,NA,32.86,NA,0,"E"
"12-2","Supp","Ambient","Yes",21,2.74,5.02,27.1,NA,7,"A"
"12-2","Supp","Reduced","Yes",22,3.15,5.48,53.77,NA,3,"F"
"12-2","Supp","Ambient","Yes",42,NA,NA,46.42,NA,1,"A"
"12-2","Open","Ambient","Yes",NA,NA,NA,17.16,NA,0,"F"
"12-2","Supp","Reduced","Yes",NA,NA,NA,26.49,NA,0,"C"
"124-1","Supp","Ambient","Yes",19,3.02,6.42,23.82,69,44,"F"
"124-1","Open","Reduced","Yes",34,3.2,6.51,75.66,71,214,"E"
"124-1","Open","Ambient","Yes",37,2.98,6.13,70.11,76,66,"D"
"124-1","Open","Reduced","Yes",23,2.85,6.01,36.92,66.5,59,"A"
"124-1","Supp","Reduced","Yes",21,3.1,6.41,74.45,72,94,"F"
"124-1","Open","Ambient","Yes",23,3.18,6.78,23.91,79,43,"E"
"124-1","Supp","Ambient","Yes",26,NA,NA,10.24,NA,1,"E"
"124-1","Supp","Reduced","Yes",32,2.95,6.12,24.45,65,37,"B"
"124-1","Open","Reduced","Yes",15,3.37,6.22,102.8,69,205,"D"
"124-1","Supp","Ambient","Yes",49,2.86,5.65,7.49,55.5,7,"C"
"124-1","Supp","Reduced","Yes",14,3.01,6.12,17.1,64,41,"C"
"124-1","Supp","Reduced","Yes",32,3.09,6.7,64.25,65,97,"D"
"124-1","Open","Reduced","Yes",14,2.87,6.09,76.47,70,174,"D"
"124-1","Open","Ambient","Yes",38,3.4,7.01,36.04,63.5,32,"E"
"124-1","Supp","Ambient","Yes",58,2.6,6.2,15.64,57,14,"B"
"124-1","Open","Ambient","Yes",14,3,6.05,16.07,57.5,13,"B"
"108-4","Open","Ambient","No",NA,NA,NA,2.8,NA,0,"B"
"108-4","Supp","Ambient","No",NA,NA,NA,3.25,NA,0,"E"
"108-4","Supp","Reduced","No",NA,NA,NA,9.48,NA,0,"F"
"108-4","Open","Reduced","No",76,NA,NA,8.88,58.5,2,"F"
"108-4","Open","Reduced","No",44,3.69,6.59,29.64,59,8,"D"
"108-4","Supp","Ambient","No",55,NA,NA,19.51,60,8,"F"
"108-4","Supp","Ambient","No",45,NA,NA,16.69,NA,3,"E"
"108-4","Supp","Reduced","No",82,3.35,6.45,23.29,57,3,"A"
"108-4","Open","Ambient","No",47,2.85,5.51,10.09,NA,0,"B"
"108-4","Open","Ambient","No",40,3.09,5.76,3.55,36,5,"A"
"108-4","Open","Reduced","No",NA,NA,NA,1.42,NA,0,"B"
"108-4","Supp","Reduced","No",42,3.17,6.38,7.74,NA,1,"F"
"108-4","Open","Reduced","No",76,3.39,6.47,10.91,51.5,5,"D"
"108-4","Supp","Ambient","No",NA,NA,NA,6.45,NA,0,"F"
"108-4","Supp","Reduced","No",28,3.03,5.93,16.04,57,18,"C"
"108-4","Open","Ambient","No",41,NA,NA,5.13,57.5,2,"F"
"147-5","Supp","Reduced","No",27,2.88,5.76,37.44,46.5,31,"A"
"147-5","Open","Reduced","No",6,3.34,6.11,13.43,41.5,14,"A"
"147-5","Open","Ambient","No",17,3.42,6.44,63.24,49,81,"C"
"147-5","Open","Reduced","No",62,NA,NA,9.49,45,3,"B"
"147-5","Supp","Ambient","No",13,2.85,5.87,112.16,51,215,"F"
"147-5","Supp","Reduced","No",39,2.96,6.17,45.91,47,56,"A"
"147-5","Supp","Reduced","No",20,NA,NA,9.87,NA,2,"A"
"147-5","Supp","Ambient","No",53,3.18,6.5,45.53,38,23,"F"
"147-5","Open","Ambient","No",23,NA,NA,12.49,NA,1,"D"
"147-5","Open","Reduced","No",65,3.33,6.28,13.93,48,11,"C"
"147-5","Open","Ambient","No",22,3.05,6.42,135.74,55,374,"D"
"147-5","Supp","Reduced","No",74,NA,NA,7.73,43.5,4,"D"
"147-5","Supp","Ambient","No",14,2.93,5.18,27.42,45,10,"B"
"147-5","Open","Reduced","No",72,3.63,6.45,20.68,51,17,"F"
"147-5","Supp","Ambient","No",17,2.92,6.47,67.3,45,56,"B"
"147-5","Open","Ambient","No",NA,NA,NA,7.92,NA,0,"D"
"68-2","Open","Reduced","Yes",NA,NA,NA,85.02,72,26,"C"
"68-2","Open","Reduced","Yes",25,3.15,6.35,41.16,78.5,14,"E"
"68-2","Supp","Reduced","Yes",87,3.52,6.84,87.88,79,4,"F"
"68-2","Supp","Reduced","Yes",24,3.29,6.54,78.43,80,35,"A"
"68-2","Open","Ambient","Yes",49,3.41,6.21,96.49,69.5,50,"F"
"68-2","Supp","Reduced","Yes",20,3.48,6.52,59.75,70.5,9,"B"
"68-2","Open","Ambient","Yes",NA,NA,NA,13.1,NA,0,"C"
"68-2","Supp","Ambient","Yes",27,3.05,6.37,45.79,76,7,"F"
"68-2","Open","Reduced","Yes",41,3.84,6.61,115.11,60,1,"E"
"68-2","Open","Reduced","Yes",NA,NA,NA,71.28,NA,0,"F"
"68-2","Supp","Ambient","Yes",NA,NA,NA,141.74,81,2,"C"
"68-2","Open","Ambient","Yes",NA,NA,NA,12.26,NA,0,"F"
"68-2","Open","Ambient","Yes",54,3.43,6.27,134.79,67,58,"A"
"68-2","Supp","Reduced","Yes",22,3.61,6.52,166.7,75.5,17,"A"
"68-2","Supp","Ambient","Yes",30,3.63,6.35,108,81,25,"B"
"68-2","Supp","Ambient","Yes",87,NA,NA,50.35,67.5,25,"C"
"81-3","Open","Reduced","No",17,3.1,6.35,76.73,73.5,208,"F"
"81-3","Supp","Ambient","No",12,2.81,5.72,57.39,68.5,94,"B"
"81-3","Supp","Ambient","No",21,2.67,5.26,55.96,60,25,"A"
"81-3","Open","Reduced","No",15,2.76,5.97,27.14,61,78,"B"
"81-3","Supp","Reduced","No",18,3.11,6.48,30.8,64.5,161,"F"
"81-3","Supp","Ambient","No",30,3.04,6.24,71.25,60.5,151,"D"
"81-3","Open","Reduced","No",39,2.73,6.11,49.08,65.5,79,"C"
"81-3","Open","Reduced","No",16,2.77,6.28,71.39,69.5,202,"C"
"81-3","Supp","Ambient","No",40,2.81,5.85,42.09,73.5,76,"B"
"81-3","Supp","Reduced","No",13,2.87,5.89,31.42,51,102,"B"
"81-3","Supp","Reduced","No",20,3,6.25,24.91,61.5,66,"B"
"81-3","Open","Ambient","No",21,2.66,6.1,61.72,66,116,"F"
"81-3","Open","Ambient","No",14,2.99,6.37,53.95,60.5,15,"E"
"81-3","Open","Ambient","No",14,2.81,5.71,25.36,68,43,"B"
"81-3","Supp","Reduced","No",14,3.23,5.3,70.14,58.5,165,"E"
"81-3","Open","Ambient","No",14,2.63,5.63,7.97,62.5,7,"B"
"84-4","Supp","Reduced","Yes",29,2.81,6.05,38.19,67.5,154,"E"
"84-4","Supp","Ambient","Yes",55,2.76,5.76,12.37,63,24,"B"
"84-4","Open","Reduced","Yes",51,2.76,6.19,29.26,69,105,"C"
"84-4","Supp","Reduced","Yes",25,2.75,6.62,21.96,65,126,"C"
"84-4","Open","Ambient","Yes",23,2.67,5.64,36.43,54,115,"B"
"84-4","Open","Ambient","Yes",49,2.76,5.78,16.75,65,50,"D"
"84-4","Supp","Reduced","Yes",30,2.59,5.63,12.03,60.5,80,"F"
"84-4","Supp","Ambient","Yes",46,2.75,5.88,36,77,116,"D"
"84-4","Open","Ambient","Yes",48,2.65,5.81,19.68,67,83,"C"
"84-4","Open","Reduced","Yes",52,2.77,5.86,6.82,60.5,29,"C"
"84-4","Supp","Ambient","Yes",49,2.6,5.6,11.79,72.5,19,"C"
"84-4","Supp","Ambient","Yes",35,2.9,6.12,19.97,66.5,24,"D"
"84-4","Open","Reduced","Yes",52,2.59,5.62,16.7,54.5,45,"A"
"84-4","Open","Ambient","Yes",58,2.57,5.23,8.36,69.5,22,"A"
"84-4","Open","Reduced","Yes",33,2.9,6.03,43.96,69.5,160,"E"
"84-4","Supp","Reduced","Yes",27,2.64,5.88,15.51,57,47,"A"
"98-5","Supp","Reduced","Yes",20,2.87,6.01,12.26,53.5,70,"C"
"98-5","Supp","Ambient","Yes",22,2.9,6.37,14.59,63.5,30,"F"
"98-5","Supp","Ambient","Yes",19,3.2,6.16,9.25,53.5,60,"C"
"98-5","Supp","Ambient","Yes",22,NA,NA,7.08,58,2,"D"
"98-5","Supp","Reduced","Yes",24,2.95,5.61,5.66,59.5,6,"F"
"98-5","Supp","Reduced","Yes",21,2.8,5.66,18.21,59.5,62,"E"
"98-5","Supp","Reduced","Yes",24,3.13,6.49,16.52,60,20,"F"
"98-5","Open","Reduced","Yes",24,3.01,5.79,3.23,58,4,"A"
"98-5","Supp","Ambient","Yes",21,2.98,5.74,11.66,59.5,25,"D"
"98-5","Open","Ambient","Yes",22,3.13,6.1,18.99,63,67,"C"
"98-5","Open","Reduced","Yes",43,NA,NA,7.6,NA,2,"B"
"98-5","Open","Reduced","Yes",21,3.01,6.03,9.43,52.5,19,"C"
"98-5","Open","Ambient","Yes",18,3.07,6.3,42,64,101,"D"
"98-5","Open","Reduced","Yes",37,2.71,5.33,11.59,56.5,51,"F"
"98-5","Open","Ambient","Yes",23,2.81,5.43,15.23,66.5,49,"D"
"98-5","Open","Ambient","Yes",32,NA,NA,7.57,62,2,"B"
"130-3","Supp","Ambient","No",12,3.37,6.26,75.32,73.5,60,"D"
"130-3","Open","Reduced","No",71,3.29,6.13,20.61,72.5,9,"C"
"130-3","Open","Ambient","No",46,NA,NA,43.12,59,4,"F"
"130-3","Supp","Reduced","No",47,3.66,6.83,61.67,76.5,44,"F"
"130-3","Supp","Reduced","No",54,NA,NA,5.08,NA,0,"E"
"130-3","Supp","Reduced","No",62,3.51,6.75,29.67,65,7,"D"
"130-3","Open","Ambient","No",12,3.31,6.42,26.46,68,11,"D"
"130-3","Open","Ambient","No",37,3.39,6.43,62.02,68,59,"F"
"130-3","Open","Reduced","No",41,3.12,5.77,27.49,70,7,"B"
"130-3","Supp","Ambient","No",NA,NA,NA,9.69,72,4,"C"
"130-3","Supp","Ambient","No",47,3.54,6.84,20.9,62,16,"F"
"130-3","Supp","Reduced","No",78,3.26,5.88,46.94,67.5,28,"B"
"130-3","Supp","Ambient","No",20,3.03,5.22,68.46,70.5,48,"B"
"130-3","Open","Reduced","No",NA,NA,NA,4.62,NA,0,"B"
"130-3","Open","Ambient","No",25,3.24,6.33,43.61,62.5,17,"A"
"130-3","Open","Reduced","No",90,NA,NA,26.65,74,18,"C"
"7-3","Supp","Reduced","Yes",45,3.42,5.97,51.67,63,109,"B"
"7-3","Supp","Ambient","Yes",37,3.61,6.19,57.35,70,10,"D"
"7-3","Open","Ambient","Yes",23,3.23,5.79,63.12,60.5,33,"C"
"7-3","Open","Ambient","Yes",NA,NA,NA,3.91,NA,0,"F"
"7-3","Supp","Ambient","Yes",55,NA,NA,11.75,64,2,"F"
"7-3","Supp","Ambient","Yes",47,3.21,5.97,27.86,51,19,"B"
"7-3","Supp","Reduced","Yes",40,3.56,6.26,105.32,69.5,85,"A"
"7-3","Supp","Reduced","Yes",43,3.64,6.52,70.35,57.5,63,"F"
"7-3","Open","Reduced","Yes",28,3.18,5.56,50.21,62,9,"D"
"7-3","Supp","Ambient","Yes",34,3.47,5.46,20.45,65,19,"A"
"7-3","Open","Reduced","Yes",45,3.57,6.44,77.3,66,99,"F"
"7-3","Open","Ambient","Yes",53,3.69,6.75,35.16,58,22,"D"
"7-3","Open","Reduced","Yes",30,3.92,6.89,174.49,61,256,"D"
"7-3","Supp","Reduced","Yes",65,3.55,6.39,28.96,51.5,17,"C"
"7-3","Open","Ambient","Yes",54,3.29,6.32,22.62,57.5,11,"F"
"7-3","Open","Reduced","Yes",63,3.54,6.77,29.87,64,16,"C"
"70-4","Open","Reduced","No",41,3.58,6.37,29.56,63.5,32,"F"
"70-4","Open","Reduced","No",51,3.61,6.9,44.4,65,70,"E"
"70-4","Open","Reduced","No",20,NA,NA,8.96,61,20,"A"
"70-4","Supp","Ambient","No",33,3.16,6.42,39.36,69,22,"F"
"70-4","Supp","Reduced","No",41,3.61,6.4,30.35,54.5,48,"D"
"70-4","Supp","Reduced","No",47,3.41,6.3,25.76,62,41,"C"
"70-4","Supp","Reduced","No",21,3.5,6.8,89.89,65,136,"B"
"70-4","Supp","Reduced","No",34,3.34,6.51,56.05,58.5,30,"B"
"70-4","Open","Ambient","No",28,3.53,6.33,74.78,60.5,41,"F"
"70-4","Supp","Ambient","No",6,2.83,5.71,40.94,58.5,26,"B"
"70-4","Open","Ambient","No",49,3.38,6.52,63.61,59.5,46,"D"
"70-4","Supp","Ambient","No",53,3.34,6.39,18.17,52,6,"E"
"70-4","Open","Reduced","No",50,3.82,6.97,51.64,56.5,83,"D"
"70-4","Supp","Ambient","No",52,3.37,6.24,72.8,77,64,"E"
"70-4","Open","Ambient","No",18,3.37,6.43,59.9,62,61,"F"
"70-4","Open","Ambient","No",51,NA,NA,12.64,72,3,"F"
"65-4","Open","Ambient","Yes",78,2.68,5.66,26.03,54,19,"B"
"65-4","Open","Ambient","Yes",20,3.43,7.39,141.1,72,188,"C"
"65-4","Open","Reduced","Yes",22,3.36,6.94,29.53,61.5,105,"E"
"65-4","Open","Reduced","Yes",NA,NA,NA,7.65,NA,0,"A"
"65-4","Open","Reduced","Yes",55,2.87,6.07,13.74,60.5,28,"C"
"65-4","Supp","Ambient","Yes",55,3.11,6.44,33.94,52,86,"D"
"65-4","Supp","Reduced","Yes",18,3.01,6.31,50.13,70.5,97,"F"
"65-4","Open","Ambient","Yes",17,NA,NA,3.95,51.5,3,"A"
"65-4","Supp","Reduced","Yes",15,3.25,6.39,27.7,64,52,"D"
"65-4","Supp","Ambient","Yes",18,3.04,6.48,18.46,52.5,27,"D"
"65-4","Supp","Reduced","Yes",23,2.98,6.54,87.6,61,150,"D"
"65-4","Open","Ambient","Yes",22,3.22,6.35,77.22,55,118,"F"
"65-4","Supp","Ambient","Yes",34,3.08,6.67,92.31,67,85,"E"
"65-4","Open","Reduced","Yes",13,3.19,6.67,82.35,60,153,"A"
"65-4","Supp","Reduced","Yes",64,3.19,6.42,55.63,67.5,68,"A"
"65-4","Supp","Ambient","Yes",24,2.96,6.26,90.2,74.5,162,"C"
"77-3","Open","Ambient","No",15,2.93,5.84,8.8,NA,3,"A"
"77-3","Supp","Reduced","No",61,3.18,5.81,11.11,63,6,"E"
"77-3","Supp","Reduced","No",16,3.25,6.33,71.07,59.5,48,"D"
"77-3","Open","Ambient","No",9,3.33,6.62,42.14,67.5,15,"F"
"77-3","Open","Reduced","No",36,3.24,6.47,24.13,56,22,"B"
"77-3","Open","Reduced","No",NA,NA,NA,15.58,56.5,8,"C"
"77-3","Open","Ambient","No",10,3.15,6.23,91.11,73,7,"E"
"77-3","Open","Reduced","No",67,NA,NA,2.63,55,1,"A"
"77-3","Supp","Reduced","No",34,3.33,5.94,41.47,61.5,6,"D"
"77-3","Supp","Ambient","No",20,3.3,6.31,41.51,71.5,65,"C"
"77-3","Supp","Reduced","No",14,3.41,6.24,28.97,56,68,"B"
"77-3","Supp","Ambient","No",35,NA,NA,71.55,NA,2,"D"
"77-3","Supp","Ambient","No",23,NA,NA,22.28,53.5,5,"A"
"77-3","Supp","Ambient","No",16,3.26,5.26,9.91,NA,4,"C"
"77-3","Open","Reduced","No",61,3.19,6.2,34.47,63.5,40,"A"
"77-3","Open","Ambient","No",25,3.08,5.4,25.11,67,9,"C"
"105-1","Supp","Ambient","No",15,2.32,5.53,42.87,51.5,265,"D"
"105-1","Supp","Ambient","No",21,3.09,6.81,22.41,47,79,"E"
"105-1","Supp","Reduced","No",13,2.6,6.13,35.05,53.5,192,"E"
"105-1","Open","Reduced","No",11,2.65,6.12,44.58,54.5,219,"E"
"105-1","Open","Reduced","No",9,2.98,7.1,7.12,40.5,61,"E"
"105-1","Open","Reduced","No",15,2.85,6.57,9.54,NA,33,"B"
"105-1","Open","Ambient","No",14,NA,NA,2.81,46,7,"A"
"105-1","Supp","Reduced","No",18,3.14,6.93,47.35,52.5,189,"F"
"105-1","Supp","Reduced","No",17,3.28,7.4,31.4,57,290,"D"
"105-1","Open","Ambient","No",31,3.18,7.14,8.91,40,35,"C"
"105-1","Open","Ambient","No",14,NA,NA,5.79,56.5,6,"B"
"105-1","Open","Ambient","No",21,2.66,5.97,14.92,53,8,"C"
"105-1","Supp","Ambient","No",11,2.96,6.66,7.74,52.5,30,"F"
"105-1","Supp","Reduced","No",19,3.03,6.72,27.63,56.5,218,"E"
"105-1","Open","Reduced","No",13,3.13,7.08,24.56,50.5,57,"B"
"105-1","Supp","Ambient","No",28,3.07,6.72,26.56,52,158,"D"
"118-2","Open","Reduced","No",39,2.86,5.93,10.94,68,2,"C"
"118-2","Supp","Reduced","No",22,3.39,6.51,39.09,74,122,"B"
"118-2","Open","Reduced","No",15,3.34,5.88,59.74,85.5,39,"F"
"118-2","Supp","Reduced","No",14,3.39,6.25,37.11,73.5,23,"E"
"118-2","Supp","Ambient","No",17,3.57,5.95,66.77,75,32,"A"
"118-2","Open","Ambient","No",12,3.65,6.55,11.28,72.5,6,"D"
"118-2","Open","Reduced","No",79,NA,NA,5.76,71,1,"E"
"118-2","Open","Ambient","No",15,3.5,6.49,31.85,70.5,31,"D"
"118-2","Supp","Ambient","No",11,3.5,6.65,18.86,80,1,"C"
"118-2","Supp","Ambient","No",15,3.34,6.4,37.87,73,22,"F"
"118-2","Supp","Ambient","No",24,3.37,6.12,64.73,65,34,"F"
"118-2","Open","Ambient","No",76,2.84,5.32,30.05,76.5,14,"B"
"118-2","Supp","Reduced","No",14,3.27,6.26,18.78,71,27,"C"
"118-2","Open","Reduced","No",9,3.36,6.56,21.75,63,60,"A"
"118-2","Open","Ambient","No",16,NA,NA,18.48,NA,1,"C"
"118-2","Supp","Reduced","No",23,2.87,5.48,37.57,70.5,68,"F"
"47-2","Open","Reduced","Yes",22,3.21,6.45,28.13,64,141,"C"
"47-2","Open","Reduced","Yes",23,3.31,6.05,24.48,59,75,"D"
"47-2","Supp","Ambient","Yes",23,3.33,5.91,10.78,58,31,"A"
"47-2","Open","Ambient","Yes",25,3.28,6.43,7.22,62.5,45,"C"
"47-2","Open","Reduced","Yes",54,3.07,5.68,9.73,64.5,37,"B"
"47-2","Open","Reduced","Yes",47,3.35,6.41,39,56.5,146,"D"
"47-2","Supp","Reduced","Yes",25,3.24,6.29,49.28,67.5,116,"A"
"47-2","Open","Ambient","Yes",37,3.14,5.83,9.65,54.5,10,"E"
"47-2","Supp","Reduced","Yes",31,3.44,6.76,30.76,62.5,98,"E"
"47-2","Open","Ambient","Yes",22,3.06,5.64,29.64,65,57,"B"
"47-2","Supp","Reduced","Yes",21,3.7,6.94,29.82,67,144,"D"
"47-2","Supp","Ambient","Yes",35,3.28,5.94,25.73,60.5,89,"B"
"47-2","Supp","Ambient","Yes",30,3.4,6.8,9.47,60,30,"A"
"47-2","Supp","Ambient","Yes",32,3.53,6.99,29.11,67.5,65,"E"
"47-2","Open","Ambient","Yes",42,3.16,6.29,12.3,52,22,"B"
"47-2","Supp","Reduced","Yes",18,3.2,5.98,11.83,60,13,"D"
"8-2","Supp","Reduced","No",17,3.45,6.62,19.75,71,46,"A"
"8-2","Supp","Reduced","No",14,3.52,6.37,21.89,87.5,28,"A"
"8-2","Open","Ambient","No",21,3.52,6.81,21.72,92,4,"D"
"8-2","Supp","Reduced","No",51,3.46,6.82,55.3,90.5,32,"E"
"8-2","Open","Reduced","No",NA,NA,NA,17.55,NA,0,"E"
"8-2","Supp","Ambient","No",15,3.77,6.43,29.08,78.5,13,"D"
"8-2","Supp","Ambient","No",14,3.6,6.69,1.7,NA,2,"E"
"8-2","Open","Ambient","No",49,NA,NA,7.1,NA,0,"A"
"8-2","Supp","Ambient","No",NA,NA,NA,31.25,81.5,5,"E"
"8-2","Open","Ambient","No",43,3.67,7.07,63.1,80,17,"F"
"8-2","Open","Ambient","No",28,3.71,7.14,63.9,83,25,"D"
"8-2","Supp","Reduced","No",14,3.44,6.24,33.75,72,28,"B"
"8-2","Open","Reduced","No",17,3.59,7.31,54.68,80,18,"E"
"8-2","Open","Reduced","No",14,3.86,6.69,14.41,80,2,"A"
"8-2","Open","Reduced","No",62,3.59,6.69,44.04,90.5,67,"A"
"8-2","Supp","Ambient","No",13,3.04,6.18,72.26,80,73,"B"
"110-5","Open","Ambient","Yes",NA,NA,NA,2.45,NA,0,"C"
"110-5","Supp","Ambient","Yes",37,3.52,6.14,16.36,65,9,"F"
"110-5","Supp","Reduced","Yes",48,NA,NA,7.26,NA,3,"B"
"110-5","Open","Reduced","Yes",25,3.15,5.51,30.06,47,44,"B"
"110-5","Supp","Ambient","Yes",22,3.42,6.04,19.15,55.5,34,"A"
"110-5","Supp","Ambient","Yes",25,3.19,5.58,26.6,61,27,"A"
"110-5","Supp","Reduced","Yes",36,3.23,5.71,11.14,59,12,"C"
"110-5","Supp","Reduced","Yes",90,3.27,5.7,8.14,62,7,"E"
"110-5","Open","Ambient","Yes",85,NA,NA,4.09,62,7,"B"
"110-5","Open","Reduced","Yes",41,3.44,5.84,11,56.5,13,"E"
"110-5","Open","Ambient","Yes",32,3.32,5.57,35.98,55.5,43,"A"
"110-5","Open","Reduced","Yes",NA,NA,NA,8.16,NA,0,"A"
"110-5","Supp","Reduced","Yes",68,3.79,6.25,14.41,62.5,22,"B"
"110-5","Open","Reduced","Yes",71,3.64,6.22,40.63,54,25,"E"
"110-5","Open","Ambient","Yes",7,NA,NA,24.77,58,3,"F"
"110-5","Supp","Ambient","Yes",48,3.48,6.02,9.05,46,7,"A"
"130-5","Open","Ambient","No",NA,NA,NA,4.34,NA,0,"A"
"130-5","Supp","Ambient","No",NA,NA,NA,7.55,NA,0,"A"
"130-5","Supp","Ambient","No",51,3.56,6.21,37.05,52,5,"D"
"130-5","Open","Reduced","No",57,3.61,6.41,25.92,63,24,"E"
"130-5","Open","Reduced","No",48,3.74,6.61,50.3,52,143,"C"
"130-5","Supp","Reduced","No",55,3.7,6.05,46.47,62,42,"B"
"130-5","Supp","Ambient","No",NA,NA,NA,3.88,NA,0,"B"
"130-5","Supp","Reduced","No",35,3.7,6.35,96.3,64.5,152,"B"
"130-5","Supp","Ambient","No",NA,NA,NA,33.95,NA,0,"D"
"130-5","Supp","Reduced","No",46,3.84,6.21,73.73,51.5,82,"B"
"130-5","Open","Ambient","No",47,3.99,6.44,33.17,60.5,35,"C"
"130-5","Open","Ambient","No",70,3.81,6.37,23.52,51.5,11,"A"
"130-5","Open","Ambient","No",46,3.69,6.33,37.64,51.5,55,"F"
"130-5","Open","Reduced","No",70,3.53,5.72,12.64,NA,0,"B"
"130-5","Open","Reduced","No",54,3.81,6.48,71.55,63.5,167,"D"
"130-5","Supp","Reduced","No",49,3.6,6.08,166.2,50.5,12,"A"
"107-2","Supp","Reduced","Yes",NA,NA,NA,23.72,NA,0,"C"
"107-2","Supp","Reduced","Yes",NA,NA,NA,65.37,NA,0,"F"
"107-2","Open","Reduced","Yes",NA,NA,NA,129.87,NA,0,"C"
"107-2","Open","Reduced","Yes",NA,NA,NA,107.7,NA,0,"B"
"107-2","Supp","Ambient","Yes",NA,NA,NA,58.27,NA,0,"C"
"107-2","Open","Reduced","Yes",NA,NA,NA,106.47,NA,0,"E"
"107-2","Supp","Ambient","Yes",NA,NA,NA,75.45,NA,0,"A"
"107-2","Open","Ambient","Yes",NA,NA,NA,102.35,NA,0,"F"
"107-2","Open","Ambient","Yes",NA,NA,NA,27.93,NA,0,"F"
"107-2","Open","Reduced","Yes",NA,NA,NA,233.1,NA,0,"D"
"107-2","Supp","Ambient","Yes",NA,NA,NA,69.11,NA,0,"E"
"107-2","Open","Ambient","Yes",NA,NA,NA,104.3,NA,0,"C"
"107-2","Supp","Ambient","Yes",NA,NA,NA,122.33,NA,0,"A"
"107-2","Open","Ambient","Yes",NA,NA,NA,43.18,NA,0,"B"
"107-2","Supp","Reduced","Yes",NA,NA,NA,197.6,NA,0,"E"
"107-2","Supp","Reduced","Yes",NA,NA,NA,88.45,NA,0,"C"
"9-5","Open","Reduced","Yes",32,3.19,6,54.41,NA,2,"C"
"9-5","Supp","Ambient","Yes",48,NA,NA,14.31,NA,1,"F"
"9-5","Supp","Reduced","Yes",25,3.28,6.01,24.24,NA,2,"C"
"9-5","Supp","Reduced","Yes",91,3.12,6.18,139.47,65,4,"F"
"9-5","Supp","Reduced","Yes",NA,NA,NA,26.82,NA,0,"F"
"9-5","Supp","Ambient","Yes",18,3.23,5.74,147.77,NA,7,"E"
"9-5","Open","Reduced","Yes",14,3.36,6.81,11.93,NA,5,"C"
"9-5","Open","Reduced","Yes",29,2.11,5.81,25.62,32,1,"D"
"9-5","Supp","Ambient","Yes",41,NA,NA,15.26,NA,1,"E"
"9-5","Open","Ambient","Yes",19,3.35,5.8,15.85,NA,1,"A"
"9-5","Open","Ambient","Yes",24,2.63,4.91,NA,NA,2,"A"
"9-5","Supp","Ambient","Yes",NA,NA,NA,32.73,NA,0,"F"
"9-5","Open","Ambient","Yes",NA,NA,NA,64.63,NA,0,"E"
"9-5","Open","Reduced","Yes",31,NA,NA,9.14,NA,0,"B"
"9-5","Open","Ambient","Yes",35,3.14,5.75,60.14,NA,1,"B"
"9-5","Supp","Reduced","Yes",86,NA,NA,45.75,NA,2,"A"
"38-4","Supp","Ambient","No",25,3.22,6.01,32.68,52.5,20,"F"
"38-4","Supp","Ambient","No",39,2.55,5.16,12.21,52,7,"A"
"38-4","Open","Ambient","No",NA,NA,NA,7.89,NA,0,"E"
"38-4","Open","Reduced","No",NA,NA,NA,2.14,NA,0,"F"
"38-4","Supp","Reduced","No",85,2.54,4.89,10.47,51,2,"C"
"38-4","Open","Reduced","No",32,2.99,5.88,30.7,49,6,"E"
"38-4","Supp","Reduced","No",46,3.15,5.87,90.35,54.5,56,"E"
"38-4","Open","Ambient","No",29,3.16,6.45,27.64,54,29,"C"
"38-4","Open","Reduced","No",NA,NA,NA,3.19,NA,0,"B"
"38-4","Open","Ambient","No",42,3.22,6.37,73.43,44,64,"C"
"38-4","Open","Reduced","No",31,3.01,6.15,30.91,50.5,23,"C"
"38-4","Supp","Ambient","No",33,3.17,6.57,24.33,54.5,15,"F"
"38-4","Supp","Reduced","No",NA,NA,NA,32.47,NA,0,"D"
"38-4","Supp","Ambient","No",NA,NA,NA,14.71,NA,0,"F"
"38-4","Supp","Reduced","No",73,NA,NA,8.51,NA,0,"F"
"30-2","Open","Reduced","No",6,3.88,7.37,102.21,68.5,214,"B"
"30-2","Supp","Ambient","No",17,3.83,7.44,39.98,72.5,54,"F"
"30-2","Supp","Ambient","No",27,3.83,7.57,38.1,60.5,61,"F"
"30-2","Open","Reduced","No",10,3.95,7.39,43.35,63,120,"B"
"30-2","Open","Ambient","No",37,3.89,7.27,167.86,74.5,217,"E"
"30-2","Open","Ambient","No",8,3.9,7.43,40.81,78,106,"A"
"30-2","Supp","Reduced","No",20,3.53,6.56,61.75,71.5,168,"C"
"30-2","Open","Ambient","No",8,3.17,6.41,40.5,72,44,"B"
"30-2","Open","Ambient","No",17,4.15,7.4,39.66,61.5,57,"E"
"30-2","Supp","Ambient","No",14,3.74,6.88,58.46,70,143,"F"
"30-2","Open","Reduced","No",11,3.88,6.47,18.77,65.5,40,"E"
"30-2","Open","Reduced","No",20,3.91,7.05,27.33,62.5,59,"E"
"30-2","Supp","Reduced","No",14,3.49,7.04,30.59,62.5,91,"A"
"108-3","Open","Reduced","No",25,2.65,5.8,37.07,44.5,7,"D"
"108-3","Supp","Reduced","No",NA,NA,NA,6.31,NA,0,"A"
"108-3","Supp","Reduced","No",NA,NA,NA,21.04,NA,0,"C"
"108-3","Open","Ambient","No",39,NA,NA,3.68,NA,0,"F"
"108-3","Supp","Ambient","No",NA,NA,NA,12.25,NA,0,"E"
"108-3","Open","Reduced","No",29,2.8,5.53,7.43,37,1,"A"
"108-3","Open","Ambient","No",NA,NA,NA,21.85,NA,0,"E"
"108-3","Supp","Ambient","No",NA,NA,NA,6.25,NA,0,"C"
"108-3","Open","Ambient","No",NA,NA,NA,34.19,NA,0,"E"
"108-3","Supp","Reduced","No",29,2.87,5.8,48.59,48.5,26,"B"
"108-3","Open","Reduced","No",29,2.7,5.53,22.56,NA,3,"A"
"108-3","Supp","Ambient","No",37,NA,NA,28.42,NA,0,"F"
"108-3","Open","Reduced","No",25,2.98,5.98,20.76,48,15,"C"
"108-3","Supp","Reduced","No",41,3.05,5.74,19.93,NA,1,"A"
"108-3","Open","Ambient","No",NA,NA,NA,5.76,NA,0,"C"
"108-3","Supp","Ambient","No",NA,NA,NA,11.31,NA,0,"D"
"83-4","Supp","Ambient","Yes",NA,NA,NA,40.83,NA,0,"B"
"83-4","Open","Ambient","Yes",94,NA,NA,18.66,58.5,2,"F"
"83-4","Open","Reduced","Yes",NA,NA,NA,16.82,NA,0,"F"
"83-4","Supp","Reduced","Yes",86,3.36,6.89,68.88,54.5,20,"A"
"83-4","Supp","Ambient","Yes",46,3.19,6.02,9.79,51,6,"A"
"83-4","Open","Ambient","Yes",18,2.93,6.1,27.97,53,13,"B"
"83-4","Supp","Reduced","Yes",38,NA,NA,39.44,48,6,"E"
"83-4","Open","Reduced","Yes",78,3.34,6.9,39.76,47,19,"E"
"83-4","Supp","Reduced","Yes",NA,NA,NA,9.96,NA,0,"A"
"83-4","Supp","Ambient","Yes",NA,NA,NA,14.82,63,2,"C"
"83-4","Open","Ambient","Yes",15,NA,NA,10.01,NA,0,"A"
"83-4","Open","Ambient","Yes",52,2.96,5.54,11.86,51.5,5,"A"
"83-4","Supp","Ambient","Yes",82,NA,NA,20.93,54,8,"B"
"83-4","Supp","Reduced","Yes",58,3.35,6.3,91.48,52,13,"E"
"83-4","Open","Reduced","Yes",78,3.47,6.94,20.4,47.5,10,"D"
"83-4","Open","Reduced","Yes",92,NA,NA,22.68,51,2,"E"
"172-4","Supp","Reduced","Yes",22,3.97,7.58,26.56,38,3,"A"
"172-4","Open","Reduced","Yes",57,3.23,6.52,2.82,47,4,"A"
"172-4","Open","Reduced","Yes",34,2.93,6.22,28.45,59,47,"A"
"172-4","Supp","Reduced","Yes",42,3.54,7.06,16.43,41.5,13,"D"
"172-4","Open","Reduced","Yes",16,2.67,5.76,33,55,64,"C"
"172-4","Open","Ambient","Yes",93,NA,NA,13.89,59.5,5,"C"
"172-4","Open","Ambient","Yes",18,2.96,6.45,13.07,47.5,9,"A"
"172-4","Supp","Ambient","Yes",7,3.43,7.22,28.22,48.5,50,"E"
"172-4","Supp","Reduced","Yes",6,2.85,6.38,11.28,43,13,"B"
"172-4","Open","Reduced","Yes",11,3.51,7.5,76.45,56.5,101,"E"
"172-4","Supp","Ambient","Yes",7,NA,NA,NA,NA,1,"F"
"172-4","Open","Ambient","Yes",19,3.36,7.17,37.45,52,38,"C"
"172-4","Supp","Reduced","Yes",8,3.35,7.55,35.89,55,29,"D"
"172-4","Supp","Ambient","Yes",8,3.28,7.21,132.55,61,82,"D"
"172-4","Supp","Ambient","Yes",6,3.26,6.53,6.45,51.5,9,"A"
"172-4","Open","Ambient","Yes",20,3.43,7.56,101.54,63,90,"F"
"128-5","Open","Reduced","Yes",17,3.23,6.54,16.34,64.5,38,"E"
"128-5","Open","Ambient","Yes",76,NA,NA,23.34,NA,20,"E"
"128-5","Open","Reduced","Yes",18,3.48,6.91,17.95,60.5,38,"B"
"128-5","Open","Reduced","Yes",9,2.87,5.5,17.38,48,47,"B"
"128-5","Supp","Reduced","Yes",15,2.88,6.39,40.87,66,195,"D"
"128-5","Open","Reduced","Yes",7,3.19,6.67,16.57,61,56,"E"
"128-5","Supp","Reduced","Yes",NA,NA,NA,5.07,NA,0,"A"
"128-5","Open","Ambient","Yes",14,2.44,5.57,10.36,63.5,18,"A"
"128-5","Supp","Reduced","Yes",33,3.03,6.28,15.32,67,48,"B"
"128-5","Open","Ambient","Yes",14,3.27,6.52,40.3,61,134,"D"
"128-5","Supp","Reduced","Yes",17,3.1,6.5,20.09,55.5,108,"B"
"128-5","Supp","Ambient","Yes",35,3.46,7.06,29.13,60,79,"D"
"128-5","Open","Ambient","Yes",15,3.04,5.78,40.89,68,145,"E"
"128-5","Supp","Ambient","Yes",13,3.07,6.06,4.9,57,14,"C"
"128-5","Supp","Ambient","Yes",15,2.93,6.29,14.99,68.5,36,"D"
"128-5","Supp","Ambient","Yes",23,3.13,6.39,34.64,66,135,"A"
"28-2","Open","Reduced","No",95,NA,NA,20,51,3,"E"
"28-2","Supp","Ambient","No",18,3.22,6.05,45.12,46,5,"A"
"28-2","Supp","Reduced","No",25,NA,NA,15.85,55,2,"B"
"28-2","Open","Reduced","No",NA,NA,NA,5.02,NA,0,"F"
"28-2","Open","Ambient","No",21,3.04,5.17,43.37,NA,1,"E"
"28-2","Supp","Reduced","No",32,3.14,6,58.85,52,9,"F"
"28-2","Supp","Ambient","No",25,3.09,5.74,95.88,49,3,"F"
"28-2","Open","Ambient","No",NA,NA,NA,34.34,NA,0,"D"
"28-2","Supp","Ambient","No",41,NA,NA,15.42,NA,0,"E"
"28-2","Open","Ambient","No",29,3.41,5.73,91.24,NA,2,"F"
"28-2","Supp","Reduced","No",31,2.84,5.66,30.24,NA,1,"D"
"28-2","Supp","Ambient","No",NA,NA,NA,44.35,NA,0,"C"
"28-2","Open","Reduced","No",84,NA,NA,18.75,55,2,"B"
"28-2","Supp","Reduced","No",29,3.14,6.24,81.61,49,58,"C"
"28-2","Open","Ambient","No",NA,NA,NA,8.89,NA,1,"A"
"28-2","Open","Reduced","No",31,NA,NA,61.48,52,8,"E"
"50-1","Open","Ambient","No",65,3.22,6.14,25.04,42,68,"E"
"50-1","Supp","Reduced","No",17,2.79,5.85,17.29,44,33,"B"
"50-1","Open","Reduced","No",22,2.75,5.52,6.82,49.5,40,"F"
"50-1","Supp","Ambient","No",15,2.81,5.67,10.24,47.5,178,"F"
"50-1","Supp","Ambient","No",8,3.07,5.55,47.5,44,59,"D"
"50-1","Supp","Reduced","No",17,2.93,6.16,57.97,49,185,"B"
"50-1","Supp","Reduced","No",48,2.72,5.7,3.48,48,8,"F"
"50-1","Open","Reduced","No",16,3.14,6.49,18.19,48.5,15,"E"
"50-1","Open","Ambient","No",8,2.76,5.55,17.63,42,26,"B"
"50-1","Open","Ambient","No",48,NA,NA,9.46,49,6,"C"
"50-1","Supp","Reduced","No",11,3.07,6.52,24.61,42,21,"E"
"50-1","Open","Reduced","No",15,3.16,6.33,57.7,48,361,"E"
"50-1","Open","Reduced","No",74,3.19,6.64,NA,42,21,"A"
"50-1","Supp","Ambient","No",17,2.82,5.77,35.75,44.5,56,"B"
"50-1","Open","Ambient","No",14,2.83,5.5,44.84,47,55,"B"
"50-1","Supp","Ambient","No",14,2.69,5.4,10.78,50,6,"B"
"144-1","Supp","Ambient","Yes",18,2.95,5.65,11.01,NA,6,"D"
"144-1","Supp","Ambient","Yes",73,NA,NA,8.08,NA,0,"A"
"144-1","Supp","Reduced","Yes",18,3.31,6.57,38.72,52.5,31,"E"
"144-1","Open","Ambient","Yes",10,NA,NA,12.98,40,2,"D"
"144-1","Open","Reduced","Yes",36,3.23,5.74,15.63,57,8,"C"
"144-1","Open","Ambient","Yes",30,2.99,5.83,13.03,49,16,"C"
"144-1","Open","Reduced","Yes",93,NA,NA,5.84,NA,0,"A"
"144-1","Open","Ambient","Yes",17,3.4,6.33,19.28,67.5,19,"C"
"144-1","Open","Ambient","Yes",NA,NA,NA,16.15,NA,0,"A"
"144-1","Open","Reduced","Yes",20,3.48,6.71,39.66,52.5,41,"D"
"144-1","Supp","Reduced","Yes",22,3.57,6.47,18.76,57.5,4,"C"
"144-1","Supp","Reduced","Yes",16,3.15,5.92,18.31,56.5,32,"B"
"144-1","Supp","Reduced","Yes",75,3.45,6.4,15.31,59,8,"D"
"144-1","Supp","Ambient","Yes",43,NA,NA,6.81,NA,1,"B"
"144-1","Open","Reduced","Yes",NA,NA,NA,5.3,NA,0,"C"
"144-1","Supp","Ambient","Yes",NA,NA,NA,2.79,NA,0,"F"
"81-4","Open","Reduced","No",12,3.42,6.3,55.11,55,69,"F"
"81-4","Open","Ambient","No",33,3.39,6.41,56.46,56.5,28,"D"
"81-4","Supp","Ambient","No",21,3.09,5.44,22.45,64,11,"C"
"81-4","Supp","Ambient","No",34,3.27,6.06,37.8,75,39,"D"
"81-4","Open","Reduced","No",14,3.07,5.48,61.61,51,105,"B"
"81-4","Open","Reduced","No",14,3.39,6.2,18.49,60,12,"C"
"81-4","Supp","Reduced","No",36,3.45,6.89,76.7,56,81,"E"
"81-4","Supp","Reduced","No",9,3.52,6.51,88.16,56,271,"D"
"81-4","Supp","Ambient","No",17,3.32,6.1,NA,54,47,"C"
"81-4","Supp","Reduced","No",15,3.49,5.23,39.65,53,98,"F"
"81-4","Supp","Reduced","No",21,2.93,5.9,26.31,50.5,16,"F"
"81-4","Open","Ambient","No",19,3.49,6.39,31.68,70.5,29,"B"
"81-4","Open","Reduced","No",15,3.31,5.73,58.8,59.5,131,"F"
"81-4","Supp","Ambient","No",31,3.56,6.47,51.45,58.5,72,"A"
"81-4","Open","Ambient","No",44,3.55,6.25,84.7,68,142,"C"
"81-4","Open","Ambient","No",21,3.81,7.02,98.91,55,68,"E"
"36-2","Open","Reduced","No",37,3.21,5.79,8.93,30,1,"F"
"36-2","Supp","Reduced","No",43,3.38,6.08,21.12,64,4,"F"
"36-2","Open","Ambient","No",34,3.37,6,31.68,66,10,"D"
"36-2","Supp","Ambient","No",NA,NA,NA,15.08,NA,0,"B"
"36-2","Supp","Ambient","No",35,3.24,5.8,19.87,68.5,6,"E"
"36-2","Supp","Ambient","No",23,3.27,5.97,38.03,60.5,18,"F"
"36-2","Open","Reduced","No",NA,NA,NA,6.91,NA,0,"B"
"36-2","Supp","Reduced","No",63,3.33,6.46,11.88,55.5,14,"D"
"36-2","Open","Reduced","No",31,3.4,6.31,31.99,63,65,"F"
"36-2","Open","Ambient","No",79,3.61,6.53,31.13,58,24,"E"
"36-2","Supp","Reduced","No",29,3.27,5.62,13.55,55,27,"F"
"36-2","Open","Ambient","No",29,3.2,5.55,18.33,64,16,"C"
"36-2","Open","Reduced","No",74,NA,NA,19.49,43,4,"A"
"36-2","Open","Ambient","No",33,3.45,6.11,19.61,67.5,12,"E"
"36-2","Supp","Ambient","No",35,3.49,6.35,72.15,64.5,70,"D"
"36-2","Supp","Reduced","No",39,3.38,6.06,14.08,NA,1,"A"
"114-1","Open","Ambient","Yes",32,NA,NA,9.57,NA,1,"F"
"114-1","Open","Ambient","Yes",36,3.2,5.51,95.37,NA,1,"C"
"114-1","Open","Reduced","Yes",58,3.07,5.33,30.01,74.5,44,"B"
"114-1","Open","Ambient","Yes",NA,NA,NA,99.77,NA,0,"D"
"114-1","Open","Ambient","Yes",12,2.28,4.91,102.34,NA,4,"D"
"114-1","Open","Reduced","Yes",80,3.53,6.91,113.53,64,12,"F"
"114-1","Supp","Reduced","Yes",NA,NA,NA,36.58,NA,0,"B"
"114-1","Supp","Reduced","Yes",NA,NA,NA,13.4,NA,1,"C"
"114-1","Supp","Ambient","Yes",NA,NA,NA,65.28,NA,0,"C"
"114-1","Open","Reduced","Yes",23,3.57,6.4,126.96,75,106,"F"
"114-1","Supp","Ambient","Yes",36,NA,NA,107.66,73,7,"E"
"114-1","Open","Reduced","Yes",90,3.37,5.95,64.84,76,12,"D"
"114-1","Supp","Reduced","Yes",70,3.46,6.69,197,74.5,22,"F"
"114-1","Supp","Ambient","Yes",28,2.97,5.44,28.95,NA,3,"F"
"114-1","Supp","Ambient","Yes",45,NA,NA,26.83,NA,0,"B"
"114-1","Supp","Reduced","Yes",25,3.36,6.17,107.22,NA,3,"B"
"175-2","Open","Reduced","Yes",39,3.26,6.48,13.22,56,45,"C"
"175-2","Open","Ambient","Yes",12,2.89,6,3.8,59.5,8,"F"
"175-2","Supp","Ambient","Yes",31,2.92,5.68,45.35,67,169,"D"
"175-2","Supp","Reduced","Yes",35,2.79,5.67,5.98,53,6,"A"
"175-2","Supp","Ambient","Yes",54,3.11,5.62,12.94,60,6,"B"
"175-2","Open","Reduced","Yes",49,3.03,5.39,33.93,48,40,"A"
"175-2","Open","Reduced","Yes",30,3.13,5.81,22.93,60.5,68,"D"
"175-2","Open","Ambient","Yes",19,2.88,5.21,24.03,65.5,32,"E"
"175-2","Supp","Reduced","Yes",23,3.3,6.02,28.31,83,82,"D"
"175-2","Supp","Ambient","Yes",23,2.68,5.09,19.44,60.5,12,"B"
"175-2","Supp","Reduced","Yes",28,3.1,5.88,22.91,61,56,"C"
"175-2","Supp","Reduced","Yes",38,3.14,5.79,9.93,54.5,12,"E"
"175-2","Open","Ambient","Yes",16,2.94,5.94,74.39,69,163,"D"
"175-2","Open","Reduced","Yes",37,3.24,6.23,31.34,67,109,"E"
"175-2","Open","Ambient","Yes",86,3.25,5.99,5.89,49,1,"D"
"175-2","Supp","Ambient","Yes",9,3.34,6.72,7.2,NA,2,"A"
"16-8","Open","Ambient","Yes",43,3.1,6.02,61.91,58.5,81,"F"
"16-8","Supp","Ambient","Yes",6,2.75,5.06,12.51,58,36,"C"
"16-8","Open","Reduced","Yes",23,2.99,5.93,20.78,44.5,18,"A"
"16-8","Open","Reduced","Yes",11,2.97,5.81,35.67,56.5,39,"B"
"16-8","Supp","Reduced","Yes",37,3.05,6.03,17.99,52,18,"C"
"16-8","Open","Ambient","Yes",37,2.74,5.41,40.34,41.5,32,"A"
"16-8","Supp","Reduced","Yes",6,3.03,6.1,33.54,57.5,19,"B"
"16-8","Supp","Reduced","Yes",63,2.98,5.87,14.9,60.5,12,"A"
"16-8","Open","Ambient","Yes",24,2.83,5.5,31.47,47.5,18,"A"
"16-8","Open","Ambient","Yes",66,3.18,6.17,26.14,54.5,21,"D"
"16-8","Supp","Ambient","Yes",21,2.76,5.23,11.64,51,7,"A"
"16-8","Open","Reduced","Yes",40,3.2,6.25,72.67,59.5,51,"D"
"16-8","Supp","Ambient","Yes",56,2.68,4.96,29.06,56,5,"E"
"16-8","Supp","Ambient","Yes",41,NA,NA,10.86,50,4,"D"
"16-8","Open","Reduced","Yes",19,3.12,6.14,32.34,56.5,39,"D"
"16-8","Supp","Reduced","Yes",48,3.21,6.14,40.75,54.5,33,"C"
"132-1","Open","Ambient","No",22,3.22,6.3,18.75,NA,10,"B"
"132-1","Supp","Reduced","No",17,3.23,6.42,42.23,48,106,"A"
"132-1","Supp","Ambient","No",17,3.58,6.96,16.93,43.5,12,"D"
"132-1","Open","Ambient","No",18,2.81,5.74,42.04,51.5,60,"A"
"132-1","Supp","Ambient","No",18,NA,NA,6.86,NA,9,"E"
"132-1","Open","Reduced","No",36,3.32,6.44,77.7,46.5,77,"F"
"132-1","Open","Ambient","No",19,3.05,6.36,101.1,50,97,"D"
"132-1","Supp","Ambient","No",20,3.12,4.92,37.36,46.5,66,"B"
"132-1","Open","Reduced","No",18,3.09,5.99,50.12,44,43,"F"
"132-1","Supp","Reduced","No",23,3,5.21,7.06,46,11,"E"
"132-1","Open","Reduced","No",35,3.07,5.93,38.78,45.5,48,"D"
"132-1","Supp","Reduced","No",56,3.19,6.07,30.58,42.5,40,"C"
"132-1","Open","Ambient","No",22,3.04,5.86,47.35,54,43,"A"
"132-1","Supp","Ambient","No",36,3.2,6.32,43.1,46,28,"C"
"132-1","Open","Reduced","No",92,NA,NA,4.56,NA,0,"C"
"132-1","Supp","Reduced","No",42,3.27,6.1,72.81,49.5,66,"D"
"75-3","Open","Ambient","No",NA,NA,NA,9.04,NA,0,"C"
"75-3","Open","Reduced","No",28,NA,NA,8.77,40,2,"A"
"75-3","Open","Reduced","No",23,2.87,6.29,33.5,57.5,12,"E"
"75-3","Open","Reduced","No",40,2.92,6.28,41.35,55,5,"D"
"75-3","Supp","Reduced","No",95,NA,NA,48.89,53,2,"E"
"75-3","Supp","Ambient","No",94,NA,NA,6.04,62,1,"D"
"75-3","Supp","Ambient","No",35,NA,NA,10.7,NA,1,"F"
"75-3","Open","Reduced","No",88,NA,NA,10.91,65,2,"B"
"75-3","Open","Ambient","No",35,NA,NA,46.96,54.5,6,"E"
"75-3","Supp","Reduced","No",65,3.16,5.92,7.9,58,2,"F"
"75-3","Supp","Reduced","No",33,2.74,6.37,39.79,NA,3,"F"
"75-3","Open","Ambient","No",NA,NA,NA,27.09,NA,1,"E"
"75-3","Open","Ambient","No",31,NA,NA,19.52,NA,1,"D"
"75-3","Supp","Ambient","No",27,NA,NA,12.31,34,3,"E"
"75-3","Supp","Reduced","No",35,3.01,5.91,NA,56,9,"E"
"75-3","Supp","Ambient","No",NA,NA,NA,8.98,NA,0,"A"
"53-5","Open","Ambient","No",13,3.48,6.17,10.99,52.5,21,"B"
"53-5","Supp","Reduced","No",13,3.24,6.17,17.35,67,41,"D"
"53-5","Open","Reduced","No",10,3.27,6.22,19.99,62.5,37,"E"
"53-5","Open","Reduced","No",8,3.57,6.28,36.44,60.5,45,"E"
"53-5","Supp","Ambient","No",42,NA,NA,19.99,70.5,6,"F"
"53-5","Supp","Reduced","No",62,3.14,5.79,23.85,71.5,28,"C"
"53-5","Open","Ambient","No",8,3.28,5.93,27.46,54.5,36,"D"
"53-5","Supp","Reduced","No",13,3.21,5.99,39.63,70,27,"D"
"53-5","Supp","Reduced","No",19,3.62,6.92,96.58,72,100,"E"
"53-5","Supp","Ambient","No",14,2.83,5.72,37.75,59.5,36,"D"
"53-5","Supp","Ambient","No",8,NA,NA,22.45,52.5,33,"C"
"53-5","Open","Ambient","No",26,3.29,6.72,75.33,63,48,"E"
"53-5","Open","Reduced","No",78,NA,NA,12.12,67,2,"A"
"53-5","Open","Ambient","No",6,3.1,6.08,29.26,73,22,"E"
"53-5","Supp","Ambient","No",NA,NA,NA,3.08,NA,0,"D"
